City,Count
Kalyan,10978
Patna,9812
Vasai-Virar,9662
Kolkata,9415
Ahmedabad,9290
Meerut,9189
Ludhiana,8771
Rajkot,8657
Srinagar,8621
Visakhapatnam,8592
Pune,8528
Mumbai,8095
Indore,7912
Agra,7873
Vadodara,7737
Surat,7726
Varanasi,7658
Hyderabad,7619
Kanpur,7376
Jaipur,7202
Lucknow,7140
Thane,7124
Nagpur,6957
Bangalore,6830
Chennai,6718
Delhi,6129
Ghaziabad,6106
Bhopal,5845
Faridabad,5464
Nashik,5326
Mihir,7
Vidya,7
Bhavna,6
City,5
Pratyush,4
Keshav,4
Nalini,4
Saanvi,4
Nandini,4
Mahi,3
Siddhesh,3
Harsha,3
Molkata,2
Parth,2
No,2
Atharv,2
Ayush,2
Vidhi,2
Vikram,2
MCA,2
Less Delhi,2
Hrithik,2
Vaishnavi,2
M.Com,2
Plata,1
Krishna,1
M.Tech,1
Raghavendra,1
3.0,1
Malyansh,1
Less than 5 Kalyan,1
Aditya,1
Gurgaon,1
Aishwarya,1
Mira,1
Shrey,1
Moreadhyay,1
Ayansh,1
Kibara,1
Kashish,1
Reyansh,1
Harsh,1
Gaurav,1
Vaanya,1
Ivaan,1
Pooja,1
Krinda,1
Morena,1
Anvi,1
Tolkata,1
ME,1
Rashi,1
MSc,1
Tushar,1
Kashk,1
Ishkarsh,1
Ishanabad,1
Pratham,1
Aaradhya,1
Itheg,1
Leela,1
Vaikot,1
Saurav,1
Sara,1
Golkata,1
Is Kanpur,1
Unaly,1
Thani,1
Lawyer,1
Ira,1
Avni,1
Mhopal,1
Aditi,1
Less than 5 hours,1
Malyan,1
Chemist,1
San Vasai-Virar,1
More Delhi,1
Researcher,1
Galesabad,1
Dhruv,1
Nalyan,1
Ithal,1
Armaan,1
Kagan,1
Unirar,1
Abhinav,1
Jhanvi,1
Khaziabad,1
Khushi,1
No.12,1
Ghopal,1
Rolkata,1
Chhavi,1
